dialogue_id,turn_index,phase,speaker,is_moderator,text,selected_reason,last_addressed,pending_question_target,pending_reply_target,repetition_pressure,role,is_primary,friendliness,assertiveness,talkativeness,initiative,agreeableness,flexibility,patience,response_length,contrarian_pressure,focus_cost,focus_comfort,focus_time,focus_safety,focus_flexibility
20260421_104550,0,opening,Moderator,True,Let's discuss: Find A Café in Paris,moderator,,,,0.0,,,,,,,,,,,,,,,,
20260421_104550,0,opening,Moderator,True,Here are the options on the table:,moderator,,,,0.0,,,,,,,,,,,,,,,,
20260421_104550,0,opening,Moderator,True,"Option A - Café de Flore: historic location, outdoor seating, expensive",moderator,,,,0.0,,,,,,,,,,,,,,,,
20260421_104550,0,opening,Moderator,True,"Option B - Holybelly: trendy vibe, specialty coffee, noisy atmosphere",moderator,,,,0.0,,,,,,,,,,,,,,,,
20260421_104550,0,opening,Moderator,True,"Option C - Le Comptoir du Relais: cozy ambiance, traditional cuisine, small space",moderator,,,,0.0,,,,,,,,,,,,,,,,
20260421_104550,0,opening,Moderator,True,"Option D - Breizh Cafe: modern design, wide pastry selection, moderate prices",moderator,,,,0.0,,,,,,,,,,,,,,,,
20260421_104550,0,opening,Moderator,True,What matters most to you when choosing a café in Paris to spend a leisurely afternoon?,moderator,,,,0.0,,,,,,,,,,,,,,,,
20260421_104550,1,opening,Chris,False,"Comfort is key for me, I'm looking for a café where I can unwind.",weighted,,,,0.0,food_critic,False,2,3,3,4,5,3,2,2,3,5,5,2,5,5
20260421_104550,2,preference_expression,Ben,False,"Considering our goal is to find a charming Parisian café, I think Le Comptoir du Relais could be a good fit, given its cozy ambiance, which might help you unwind, Chris. The traditional cuisine is also a plus, and while it's described as having a small space, that could actually add to the quaint atmosphere we're looking for. However, I'm not sure how that would impact our ability to relax if it gets too crowded.",weighted,,,,0.0,local_guide,False,2,1,5,4,3,5,5,4,2,1,3,1,2,2
20260421_104550,2,preference_expression,Ami,False,"Considering we're looking for a charming Parisian café, I think Breizh Cafe could be an interesting choice, given its wide pastry selection and moderate prices, which might offer a good balance between indulging our senses and not breaking the bank. However, I'm a bit concerned that its modern design might not fully capture the quaint, traditional atmosphere we're aiming for. Considering Ben's point about Le Comptoir du Relais' small space potentially being a drawback if it gets too crowded, I wonder if Breizh Cafe's ability to accommodate more people could be a plus, even if it means sacrificing some of the cozy ambiance.",weighted,,,,0.0,cafe_finder,True,3,3,5,2,2,4,2,4,4,3,4,2,3,4
20260421_104550,3,negotiation,Ben,False,"Considering we've got a few options on the table, I think it's worth weighing the pros and cons of each, especially since Ami brought up Breizh Cafe's ability to accommodate more people, which could be a significant advantage if we're looking to spend a leisurely afternoon there. Considering Le Comptoir du Relais' small space, I'm starting to lean towards Breizh Cafe as it seems to offer a better balance of atmosphere and practicality, considering its wide pastry selection is also a major draw for me, but I'd like to hear more thoughts on how the modern design might impact our overall experience. Maybe we're prioritizing different aspects of what makes a charming Parisian café, so let's discuss that further.",forced,Ben,,Ben,0.614,local_guide,False,2,1,5,4,3,5,5,4,2,1,3,1,2,2
20260421_104550,3,negotiation,Chris,False,"Breizh Cafe's wide pastry selection is a major draw for me, and its moderate prices seem more appealing than Le Comptoir du Relais' potential drawbacks.",weighted,Ben,,Ben,0.614,food_critic,False,2,3,3,4,5,3,2,2,3,5,5,2,5,5
20260421_104550,3,negotiation,Ami,False,考虑到我们的讨论，我想我们应该更深入地探讨每个选项的优缺点，尤其是当谈到气氛和实用性的时候。似乎Le Comptoir du Relais的小空间可能会成为一个问题，如果它太拥挤的话，我们可能无法真正放松下来，而Holybelly的噪闹环境也可能不太适合我们想要的悠闲下午。因此，我开始倾向于选择现代设计和广泛的糕点选择的选项，因为它似乎在气氛和实用性之间提供了更好的平衡，尽管我仍然对它是否能完全捕捉到传统的巴黎咖啡馆氛围有些担忧。,weighted,Ben,,Ben,0.614,cafe_finder,True,3,3,5,2,2,4,2,4,4,3,4,2,3,4
20260421_104550,3,confirmation,Ben,False,"It seems like we're all on the same page with wanting a balance between atmosphere and practicality, and I think that's where Breizh Cafe stands out, given its wide pastry selection and ability to accommodate more people, which could be a significant advantage if we're looking to spend a leisurely afternoon there. Maybe we should discuss how important it is for us to have a traditional Parisian café experience versus a more modern take on it, as that might help us make a decision.",weighted,,,,0.463,local_guide,False,2,1,5,4,3,5,5,4,2,1,3,1,2,2
20260421_104550,3,confirmation,Chris,False,"Ben's point about balancing atmosphere and practicality resonates with me, and I think Option D offers that balance.",weighted,,,,0.463,food_critic,False,2,3,3,4,5,3,2,2,3,5,5,2,5,5
20260421_104550,3,closure,Ben,False,"Given our discussion about balancing atmosphere and practicality, I'm leaning towards Option D because its modern design and wide pastry selection seem to offer a good compromise between indulging our senses and having a comfortable space to relax.",closure,Ben,,,0.265,local_guide,False,2,1,5,4,3,5,5,4,2,1,3,1,2,2
20260421_104550,3,closure,Ami,False,"Something that keeps popping into my head is how these cafes will actually feel when we're there, and while Breizh Cafe seems like a great compromise on paper, I'm still worried its modern design might make it feel less quintessentially Parisian than we're hoping for, so maybe we should think about what aspects of the traditional Parisian café experience are non-negotiable for us.",closure,Ben,,,0.265,cafe_finder,True,3,3,5,2,2,4,2,4,4,3,4,2,3,4
20260421_104550,3,closure,Chris,False,Moderate prices and a wide pastry selection make Breizh Cafe my top choice.,closure,Ben,,,0.265,food_critic,False,2,3,3,4,5,3,2,2,3,5,5,2,5,5
