dialogue_id,turn_index,phase,speaker,is_moderator,text,selected_reason,last_addressed,pending_question_target,repetition_pressure,role,is_primary,assertiveness,friendliness,talkativeness,agreeableness,patience,contrarian,response_length
20260504_135844_267544,0,opening,Moderator,True,"Hey everyone, let's get started.",moderator,,,0.0,,,,,,,,,
20260504_135844_267544,0,opening,Moderator,True,Today we are deciding: Book a Flight to New York,moderator,,,0.0,,,,,,,,,
20260504_135844_267544,0,opening,Moderator,True,Here are the options on the table:,moderator,,,0.0,,,,,,,,,
20260504_135844_267544,0,opening,Moderator,True,"Option A - Morning Flight: Departing at 8am, First Class, $800",moderator,,,0.0,,,,,,,,,
20260504_135844_267544,0,opening,Moderator,True,"Option B - Budget Friendly: Departing at 6pm, Economy Class, $300",moderator,,,0.0,,,,,,,,,
20260504_135844_267544,0,opening,Moderator,True,"Option C - Quick Arrival: Departing at 10am, Business Class, $600, Layover in Chicago",moderator,,,0.0,,,,,,,,,
20260504_135844_267544,0,opening,Moderator,True,"Option D - Late Night Flight: Departing at 10pm, Premium Economy, $500",moderator,,,0.0,,,,,,,,,
20260504_135844_267544,0,opening,Moderator,True,What matters most to you when booking a flight to New York?,moderator,,,0.0,,,,,,,,,
20260504_135844_267544,1,opening,Dana,False,"Not a fan of morning flights, especially into major hubs like New York.",weighted,,,0.0,traveler,True,5,1,5,1,4,5,1
20260504_135844_267544,2,preference_expression,Sam,False,"I'm leaning towards Option A, mainly because it's a First Class flight.",weighted,,,0.0,travel_agent,False,5,5,3,5,4,1,1
20260504_135844_267544,2,preference_expression,Lee,False,"Option A's First Class seems appealing, but its high cost of $800 is a significant drawback. Morning flights are usually my preference, which makes Option A more consideration-worthy for me.",weighted,,,0.0,companion,False,3,3,1,3,3,4,3
20260504_135844_267544,3,negotiation,Sam,False,Lee makes a fair point about the cost of Option A being a drawback.,weighted,,,0.167,travel_agent,False,5,5,3,5,4,1,1
20260504_135844_267544,3,negotiation,Dana,False,"Cost isn't the only drawback, layovers and flight times matter too.",weighted,,,0.167,traveler,True,5,1,5,1,4,5,1
20260504_135844_267544,4,negotiation,Dana,False,Sam's point about First Class being appealing doesn't outweigh the potential hassle of a morning flight into a busy hub.,weighted,,,0.271,traveler,True,5,1,5,1,4,5,1
20260504_135844_267544,4,negotiation,Sam,False,Dana's concern about morning flights into busy hubs is valid.,weighted,,,0.271,travel_agent,False,5,5,3,5,4,1,1
20260504_135844_267544,5,negotiation,Dana,False,Morning flights into major hubs are just too much hassle.,forced,Dana,,0.273,traveler,True,5,1,5,1,4,5,1
20260504_135844_267544,5,negotiation,Sam,False,"Lee's point about cost is still on my mind, but hassle of layovers also concerns me.",weighted,Dana,,0.273,travel_agent,False,5,5,3,5,4,1,1
20260504_135844_267544,6,negotiation,Lee,False,"Hassle of layovers is a concern, but Option C's layover in Chicago might be worth considering for its Business Class comfort at $600. This seems like a more balanced choice compared to the other options.",forced,Lee,,0.323,companion,False,3,3,1,3,3,4,3
20260504_135844_267544,6,negotiation,Dana,False,Option C's layover in Chicago doesn't sound ideal to me.,weighted,Lee,,0.323,traveler,True,5,1,5,1,4,5,1
20260504_135844_267544,6,negotiation,Sam,False,"Dana's concerns about layovers are understandable, but Business Class at $600 is a pretty good deal.",weighted,Lee,,0.323,travel_agent,False,5,5,3,5,4,1,1
20260504_135844_267544,6,confirmation,Moderator,True,It sounds like Option C is the preferred choice. Can everyone confirm briefly?,moderator,Dana,,0.269,,,,,,,,,
20260504_135844_267544,6,confirmation,Dana,False,No.,confirmation,Dana,,0.269,traveler,True,5,1,5,1,4,5,1
20260504_135844_267544,6,confirmation,Lee,False,"I'm still considering my options, so I'd say no to confirming just yet. Business Class at $600 is tempting, but I want to weigh all factors before deciding.",confirmation,Dana,,0.269,companion,False,3,3,1,3,3,4,3
20260504_135844_267544,7,negotiation,Sam,False,"Lee's hesitation makes sense, let's weigh all factors before deciding.",weighted,,,0.189,travel_agent,False,5,5,3,5,4,1,1
20260504_135844_267544,7,negotiation,Dana,False,Still not convinced Option C is the best choice despite its Business Class comfort.,weighted,,,0.189,traveler,True,5,1,5,1,4,5,1
20260504_135844_267544,7,narrowing,Moderator,True,Let's narrow this down — which option does each of you prefer? A backup is fine if you're genuinely unsure.,moderator,,,0.163,,,,,,,,,
20260504_135844_267544,8,narrowing,Dana,False,Option B seems more appealing to me.,weighted,,,0.163,traveler,True,5,1,5,1,4,5,1
20260504_135844_267544,9,narrowing,Sam,False,Dana's preference for Option B makes sense given its budget-friendly price.,weighted,,,0.171,travel_agent,False,5,5,3,5,4,1,1
20260504_135844_267544,9,confirmation,Moderator,True,It sounds like Option C is the preferred choice. Can everyone confirm briefly?,moderator,Dana,,0.135,,,,,,,,,
20260504_135844_267544,9,confirmation,Dana,False,No.,confirmation,Dana,,0.135,traveler,True,5,1,5,1,4,5,1
20260504_135844_267544,9,confirmation,Lee,False,"I'm not ready to confirm yet, need more time to compare prices and schedules. Business Class at $600 is attractive, but the layover in Chicago is a drawback.",confirmation,Dana,,0.135,companion,False,3,3,1,3,3,4,3
20260504_135844_267544,10,narrowing,Sam,False,"Lee's need for more time to compare prices and schedules is reasonable, Business Class at $600 is attractive but layovers can be a hassle.",weighted,,,0.135,travel_agent,False,5,5,3,5,4,1,1
20260504_135844_267544,11,narrowing,Lee,False,"Option A's morning departure and First Class comfort are tempting, but the $800 price tag seems steep. Business Class at $600 with Option C is more budget-friendly, despite the layover.",forced,Lee,,0.237,companion,False,3,3,1,3,3,4,3
20260504_135844_267544,11,narrowing,Dana,False,Budget friendly usually wins out for me.,weighted,Lee,,0.237,traveler,True,5,1,5,1,4,5,1
20260504_135844_267544,11,narrowing,Sam,False,"Dana's priorities make sense, First Class at $800 does seem steep.",weighted,Lee,,0.237,travel_agent,False,5,5,3,5,4,1,1
20260504_135844_267544,11,confirmation,Moderator,True,It sounds like Option C is the preferred choice. Can everyone confirm briefly?,moderator,Dana,,0.179,,,,,,,,,
20260504_135844_267544,11,confirmation,Dana,False,No.,confirmation,Dana,,0.179,traveler,True,5,1,5,1,4,5,1
20260504_135844_267544,11,confirmation,Lee,False,"I'm still unsure about confirming Option C due to the layover. The $600 price for Business Class is attractive, but I need to weigh that against the potential hassle of the layover in Chicago.",confirmation,Dana,,0.179,companion,False,3,3,1,3,3,4,3
20260504_135844_267544,12,narrowing,Dana,False,Still prefer Option B.,weighted,,,0.143,traveler,True,5,1,5,1,4,5,1
20260504_135844_267544,13,narrowing,Sam,False,"Lee's concerns about the layover in Option C are valid, but Business Class at $600 is a great deal.",weighted,,,0.238,travel_agent,False,5,5,3,5,4,1,1
20260504_135844_267544,13,narrowing,Dana,False,Option B's price is hard to beat.,weighted,,,0.238,traveler,True,5,1,5,1,4,5,1
20260504_135844_267544,13,confirmation,Moderator,True,It sounds like Option B is the preferred choice. Can everyone confirm briefly?,moderator,,,0.179,,,,,,,,,
20260504_135844_267544,13,confirmation,Sam,False,"Yeah, Option B sounds good to me.",confirmation,,,0.179,travel_agent,False,5,5,3,5,4,1,1
20260504_135844_267544,13,confirmation,Dana,False,No.,confirmation,,,0.179,traveler,True,5,1,5,1,4,5,1
20260504_135844_267544,14,narrowing,Lee,False,"I'm still hesitant about confirming an option due to the trade-offs, but Business Class at $600 with Option C seems more appealing than Economy Class for $300 with Option B. The layover in Chicago is a drawback, though.",weighted,,,0.214,companion,False,3,3,1,3,3,4,3
20260504_135844_267544,14,narrowing,Dana,False,Still think Budget Friendly is the way to go.,weighted,,,0.214,traveler,True,5,1,5,1,4,5,1
20260504_135844_267544,14,confirmation,Moderator,True,It sounds like Option C is the preferred choice. Can everyone confirm briefly?,moderator,,,0.25,,,,,,,,,
20260504_135844_267544,14,confirmation,Sam,False,"Lee's concerns about the layover are valid, but Option C seems like the best value.",confirmation,,,0.25,travel_agent,False,5,5,3,5,4,1,1
20260504_135844_267544,14,confirmation,Lee,False,"Option C's layover is a significant drawback, but its Business Class at $600 is hard to pass up. Yes.",confirmation,,,0.25,companion,False,3,3,1,3,3,4,3
20260504_135844_267544,15,narrowing,Sam,False,"Business Class at $600 is a great deal, yeah.",weighted,,,0.136,travel_agent,False,5,5,3,5,4,1,1
20260504_135844_267544,15,narrowing,Dana,False,Not convinced by the layover in Chicago.,weighted,,,0.136,traveler,True,5,1,5,1,4,5,1
20260504_135844_267544,15,confirmation,Moderator,True,It sounds like Option B is the preferred choice. Can everyone confirm briefly?,moderator,,,0.136,,,,,,,,,
20260504_135844_267544,15,confirmation,Sam,False,"Yeah, fair point.",confirmation,,,0.136,travel_agent,False,5,5,3,5,4,1,1
20260504_135844_267544,15,confirmation,Dana,False,Still don't think Budget Friendly is off the table.,confirmation,,,0.136,traveler,True,5,1,5,1,4,5,1
20260504_135844_267544,15,closure,Dana,False,Time to decide already.,closure,,,0.136,traveler,True,5,1,5,1,4,5,1
20260504_135844_267544,15,closure,Lee,False,"Let's confirm Option C despite its layover, as the Business Class upgrade seems worth the extra cost.",closure,,,0.136,companion,False,3,3,1,3,3,4,3
20260504_135844_267544,15,closure,Moderator,True,Agreed — Option B is the final choice. Discussion concluded.,moderator,,,0.136,,,,,,,,,
